<?xml version="1.0" encoding="UTF-8"?>
<project-private xmlns="http://www.netbeans.org/ns/project-private/1">
    <editor-bookmarks xmlns="http://www.netbeans.org/ns/editor-bookmarks/2" lastBookmarkId="0"/>
    <open-files xmlns="http://www.netbeans.org/ns/projectui-open-files/2">
        <group>
            <file>file:/E:/study/7th/Project-2019/Project%202019/Hospital_Management_System/src/PatientCare.java</file>
            <file>file:/E:/study/7th/Project-2019/Project%202019/Hospital_Management_System/src/Register.java</file>
            <file>file:/E:/study/7th/Project-2019/Project%202019/Hospital_Management_System/src/Bill.java</file>
            <file>file:/E:/study/7th/Project-2019/Project%202019/Hospital_Management_System/src/db.java</file>
        </group>
    </open-files>
</project-private>
